<?xml version="1.0" encoding="utf-8" standalone="yes" ?>
<rss version="2.0" xmlns:atom="http://www.w3.org/2005/Atom">
  <channel>
    <title>Scene on Notre-Dame de Paris</title>
    <link>http://maheydesign.com/tags/scene/</link>
    <description>Recent content in Scene on Notre-Dame de Paris</description>
    <generator>Hugo -- gohugo.io</generator>
    <language>en-us</language>
    <lastBuildDate>Wed, 12 Apr 2017 11:14:48 -0400</lastBuildDate>
    
	<atom:link href="http://maheydesign.com/tags/scene/index.xml" rel="self" type="application/rss+xml" />
    
    
    <item>
      <title>Chapter IV: Master Jacques Coppenole</title>
      <link>http://maheydesign.com/post/chapter-4/</link>
      <pubDate>Wed, 12 Apr 2017 11:14:48 -0400</pubDate>
      
      <guid>http://maheydesign.com/post/chapter-4/</guid>
      <description>While the pensioner of Ghent and his eminence were exchanging very low bows and a few words in voices still lower, a man of lofty stature, with a large face and broad shoulders, presented himself, in order to enter abreast with Guillaume Rym; one would have pronounced him a bull-dog by the side of a fox. His felt doublet and leather jerkin made a spot on the velvet and silk which surrounded him.</description>
    </item>
    
    <item>
      <title>Chapter I: The Grand Hall</title>
      <link>http://maheydesign.com/post/chapter-1/</link>
      <pubDate>Sun, 09 Apr 2017 10:58:08 -0400</pubDate>
      
      <guid>http://maheydesign.com/post/chapter-1/</guid>
      <description>Three hundred and forty-eight years, six months, and nineteen days ago to-day, the Parisians awoke to the sound of all the bells in the triple circuit of the city, the university, and the town ringing a full peal.
The sixth of January, 1482, is not, however, a day of which history has preserved the memory. There was nothing notable in the event which thus set the bells and the bourgeois of Paris in a ferment from early morning.</description>
    </item>
    
  </channel>
</rss>