<?xml version="1.0" encoding="utf-8" standalone="yes" ?>
<rss version="2.0" xmlns:atom="http://www.w3.org/2005/Atom">
  <channel>
    <title>Notre-Dame de Paris</title>
    <link>http://maheydesign.com/</link>
    <description>Recent content on Notre-Dame de Paris</description>
    <generator>Hugo -- gohugo.io</generator>
    <language>en-us</language>
    <lastBuildDate>Tue, 17 Oct 2017 14:47:17 -0700</lastBuildDate>
    
	<atom:link href="http://maheydesign.com/index.xml" rel="self" type="application/rss+xml" />
    
    
    <item>
      <title>Targetaudience</title>
      <link>http://maheydesign.com/post/targetaudience/</link>
      <pubDate>Tue, 17 Oct 2017 14:47:17 -0700</pubDate>
      
      <guid>http://maheydesign.com/post/targetaudience/</guid>
      <description>Design for target audience: Design may be the most fun aspect of web design for many web designers. Depending on your website, we have to take care of certain elements throughout the website to satisfy audiences&amp;rsquo; need depending on the audience being targeted, whether by age, gender, interests, etc.
Elements to be taken care of: There are various things to consider, including layout, color scheme, typography, content images and user interface, everything need to be decided accordingly.</description>
    </item>
    
    <item>
      <title>MaheyDesign</title>
      <link>http://maheydesign.com/post/maheydesign/</link>
      <pubDate>Fri, 06 Oct 2017 10:46:52 -0700</pubDate>
      
      <guid>http://maheydesign.com/post/maheydesign/</guid>
      <description>What is landing page? In online marketing, a landing page sometimes known as a &amp;ldquo;lead capture page&amp;rdquo; that appears in response to clicking on an online advertisement. particular landing pages tailored to various offers are necessary to provide a quality experience for visitors. Whether you are looking to increase sales or generate leads, PPC ads direct visitors to persuasive landing pages is an excellent way to grow your business.</description>
    </item>
    
    <item>
      <title>Chapter VI: Esmeralda</title>
      <link>http://maheydesign.com/post/chapter-6/</link>
      <pubDate>Fri, 14 Apr 2017 11:25:05 -0400</pubDate>
      
      <guid>http://maheydesign.com/post/chapter-6/</guid>
      <description>We are delighted to be able to inform the reader, that during the whole of this scene, Gringoire and his piece had stood firm. His actors, spurred on by him, had not ceased to spout his comedy, and he had not ceased to listen to it. He had made up his mind about the tumult, and was determined to proceed to the end, not giving up the hope of a return of attention on the part of the public.</description>
    </item>
    
    <item>
      <title>Chapter V: Quasimodo</title>
      <link>http://maheydesign.com/post/chapter-5/</link>
      <pubDate>Thu, 13 Apr 2017 11:15:58 -0400</pubDate>
      
      <guid>http://maheydesign.com/post/chapter-5/</guid>
      <description>In the twinkling of an eye, all was ready to execute Coppenole’s idea. Bourgeois, scholars and law clerks all set to work. The little chapel situated opposite the marble table was selected for the scene of the grinning match. A pane broken in the pretty rose window above the door, left free a circle of stone through which it was agreed that the competitors should thrust their heads. In order to reach it, it was only necessary to mount upon a couple of hogsheads, which had been produced from I know not where, and perched one upon the other, after a fashion.</description>
    </item>
    
    <item>
      <title>Chapter IV: Master Jacques Coppenole</title>
      <link>http://maheydesign.com/post/chapter-4/</link>
      <pubDate>Wed, 12 Apr 2017 11:14:48 -0400</pubDate>
      
      <guid>http://maheydesign.com/post/chapter-4/</guid>
      <description>While the pensioner of Ghent and his eminence were exchanging very low bows and a few words in voices still lower, a man of lofty stature, with a large face and broad shoulders, presented himself, in order to enter abreast with Guillaume Rym; one would have pronounced him a bull-dog by the side of a fox. His felt doublet and leather jerkin made a spot on the velvet and silk which surrounded him.</description>
    </item>
    
    <item>
      <title>Chapter III: Monsieur the Cardinal</title>
      <link>http://maheydesign.com/post/chapter-3/</link>
      <pubDate>Tue, 11 Apr 2017 11:13:32 -0400</pubDate>
      
      <guid>http://maheydesign.com/post/chapter-3/</guid>
      <description>Poor Gringoire! the din of all the great double petards of the Saint-Jean, the discharge of twenty arquebuses on supports, the detonation of that famous serpentine of the Tower of Billy, which, during the siege of Paris, on Sunday, the twenty-sixth of September, 1465, killed seven Burgundians at one blow, the explosion of all the powder stored at the gate of the Temple, would have rent his ears less rudely at that solemn and dramatic moment, than these few words, which fell from the lips of the usher, “His eminence, Monseigneur the Cardinal de Bourbon.</description>
    </item>
    
    <item>
      <title>Chapter II: Pierre Gringoire</title>
      <link>http://maheydesign.com/post/chapter-2/</link>
      <pubDate>Mon, 10 Apr 2017 11:00:59 -0400</pubDate>
      
      <guid>http://maheydesign.com/post/chapter-2/</guid>
      <description>Nevertheless, as be harangued them, the satisfaction and admiration unanimously excited by his costume were dissipated by his words; and when he reached that untoward conclusion: “As soon as his illustrious eminence, the cardinal, arrives, we will begin,” his voice was drowned in a thunder of hooting.
“Begin instantly! The mystery! the mystery immediately!” shrieked the people. And above all the voices, that of Johannes de Molendino was audible, piercing the uproar like the fife’s derisive serenade: “Commence instantly!</description>
    </item>
    
    <item>
      <title>Chapter I: The Grand Hall</title>
      <link>http://maheydesign.com/post/chapter-1/</link>
      <pubDate>Sun, 09 Apr 2017 10:58:08 -0400</pubDate>
      
      <guid>http://maheydesign.com/post/chapter-1/</guid>
      <description>Three hundred and forty-eight years, six months, and nineteen days ago to-day, the Parisians awoke to the sound of all the bells in the triple circuit of the city, the university, and the town ringing a full peal.
The sixth of January, 1482, is not, however, a day of which history has preserved the memory. There was nothing notable in the event which thus set the bells and the bourgeois of Paris in a ferment from early morning.</description>
    </item>
    
  </channel>
</rss>